Keyword,Search volume
emermédica pagos,6600
médico domiciliario colsanitas,1900
colsanitas medico domiciliario,1900
colsanitas médico domiciliario,1900
medico domiciliario colsanitas,1900
emermédica,1600
médico a domicilio,1300
médicos a domicilio,1300
médico domicilio,1300
medico a domicilio,1300
medico a casa,1000
medico a domicilio bogota,880
medico domicilio bogota,880
médicos a domicilio bogota,880
medico domiciliario,880
medicos a domicilio bogota,880
médicos a domicilio bogotá,880
médico a domicilio bogotá,880
emermédica telefono atención domiciliaria,720
emermédica teléfono atención domiciliaria,720
emermedica telefono atencion domiciliaria,720
emermedica bogotá,590
emermédica servicio al cliente,590
medico en casa colsanitas,390
médico en casa colsanitas,390
atención médica a domicilio,390
teléfono emermédica servicio al cliente,390
telefono emermédica servicio al cliente,390
servicio médico a domicilio,320
servicio medico a domicilio,320
servicio medicos a domicilio,320
medico a domicilio en bogota,260
médico domiciliario sura,260
medico domiciliario sura,260
teléfono médico en casa colsanitas,260
atencion domiciliaria colsanitas,260
colsanitas atención domiciliaria,260
servicios medicos a domicilio,260
emermédica certificado tributario,260
medico domiciliario bogota,210
lavado de oídos,2900
lavados de oídos,1300
lavado de oidos en bogota,480
lavado de oido bogota,480
lavado de oidos bogota,480
lavado de oido en bogota,390
limpieza de oido bogota,390
limpieza de oidos bogota,390
lavado de oído precio,320
lavado de oidos precio,320
lavado de oídos precio,320
lavado de oídos bogotá,260
lavado de oídos precio bogotá,210
lugares donde hacen lavado de oídos,210
valoracion medica domiciliaria,0